png_name,area,circumferfence,short dia,long dia,Count,aspect,labels
reshape-2n1002,261.9505238234886,116.23862139855532,16.0921147664388,20.744021733601887,3.0,0.2242528969022321,2
reshape-2n1003,296.21446504823194,123.1371766205264,17.52811336517334,21.54958438873291,2.0,0.1866147834230239,2
reshape-2n1004,274.51930606526724,118.67727338746924,16.672744274139404,20.95778687795003,6.0,0.2044606440921001,2
reshape-2n100,221.79663077562225,105.49558691899044,14.863327026367188,18.59957003593445,4.0,0.2008779236481716,2
reshape-2n1013,221.22877547192607,104.39824135138171,14.49294662475586,18.59615580240885,3.0,0.2206482469415254,2
reshape-2n104,232.879511675752,104.34242597522784,14.158002853393556,18.8374080657959,2.0,0.2484102481646077,2
reshape-2n1058,213.4800389219399,105.8082368944022,13.847855567932127,19.572375297546387,4.0,0.2924795607374181,2
reshape-2n105,173.66725518877448,93.43658702205114,13.762945175170898,15.933098030090331,5.0,0.1362040734840774,2
reshape-2n1066,189.8542965343549,97.23517301343136,13.684201002120972,17.151753664016724,4.0,0.2021689869048466,2
reshape-2n1067,172.5747872397239,93.54688373225356,13.533459186553957,16.183473587036133,2.0,0.1637481833692975,2
reshape-2n106,225.72953765946812,106.75570284440542,15.802397918701171,18.13149738311768,5.0,0.1284559909864445,2
reshape-2n1073,226.6713384070192,106.47501781478417,14.61299482981364,19.1245174407959,3.0,0.2359025593690746,2
reshape-2n1074,206.24303538429265,99.8067504194956,14.233559846878052,17.445730686187744,4.0,0.1841236057743832,2
reshape-2n1075,212.7076236523832,103.80713619317842,15.127922821044924,17.852977752685547,5.0,0.1526386785101272,2
reshape-2n1076,200.98387541222343,99.25952630636948,14.364801406860352,17.144724369049072,4.0,0.1621445117663859,2
reshape-2n1079,260.3981144879233,114.29835845027736,17.005027770996094,19.33299207687378,4.0,0.1204140723081559,2
reshape-2n107,219.1906512710449,105.71823617977373,15.26267604827881,18.293855285644533,5.0,0.1656938458316293,2
reshape-2n1081,282.0227870559109,120.29775129156842,17.12015495300293,21.02371292114258,5.0,0.1856740520944813,2
reshape-2n1086,304.3479119006598,124.45272027548368,17.843382596969604,21.653998851776123,4.0,0.1759774848465904,2
reshape-2n1088,286.8580319152797,120.2164571172874,17.45659852027893,20.73785161972046,4.0,0.1582253147342057,2
reshape-2n1089,238.96270157134967,109.0513525378998,15.505797386169434,19.10080051422119,5.0,0.1882121707608619,2
reshape-2n108,223.91876229963856,106.41410692466464,15.13955783843994,18.630860900878908,5.0,0.1873935445610174,2
reshape-2n1090,264.3905069843688,116.59852057870408,16.229129791259766,20.742340087890625,2.0,0.2175844324944643,2
reshape-2n1096,261.9505238234886,116.23862139855532,16.0921147664388,20.744021733601887,3.0,0.2242528969022321,2
reshape-2n1097,296.21446504823194,123.1371766205264,17.52811336517334,21.54958438873291,2.0,0.1866147834230239,2
reshape-2n1098,274.51930606526724,118.67727338746924,16.672744274139404,20.95778687795003,6.0,0.2044606440921001,2
reshape-2n109,305.21761297500086,125.87230237442358,17.017454147338867,22.83626747131348,1.0,0.2548057965814292,2
reshape-2n10,197.78014567626164,100.17543996014004,14.332760492960611,17.460408846537273,3.0,0.1791280136144654,2
reshape-2n1107,221.22877547192607,104.39824135138171,14.49294662475586,18.59615580240885,3.0,0.2206482469415254,2
reshape-2n110,292.7776676369448,122.69311924368984,17.069684982299805,21.83848762512207,1.0,0.2183668908160305,2
reshape-2n112,270.6920697171633,117.3765292076518,16.856839179992676,20.41969490051269,2.0,0.1744813396027068,2
reshape-2n113,244.6797838075986,111.5338247764562,16.282654762268066,19.15230369567871,2.0,0.1498330947027598,2
reshape-2n114,291.61478165596736,122.2419475824247,17.299829483032227,21.486916542053223,2.0,0.1948668181786911,2
reshape-2n115,226.4627393797607,105.71294019555488,14.862101395924888,18.637640635172527,6.0,0.2025760295067889,2
reshape-2n117,224.29662033411097,107.46010824093123,14.379329204559326,19.618884086608887,2.0,0.2670669166971573,2
reshape-2n118,238.26606324865327,110.15602704945192,15.641610622406006,19.322884559631348,2.0,0.1905136847381535,2
reshape-2n119,261.3871801556008,115.83591391128996,15.896402359008787,20.79778989156087,3.0,0.2356686723977783,2
reshape-2n11,184.58448360422685,95.74551332781353,14.033302625020346,16.390994707743328,3.0,0.1438406957455228,2
reshape-2n122,270.503421240508,118.17039072628044,15.700241088867188,21.67317708333333,3.0,0.2755911591318712,2
reshape-2n123,295.66677289489536,123.49120535023889,17.01133918762207,22.12962913513184,1.0,0.2312867475661505,2
reshape-2n124,258.32202578912154,114.67403147295684,16.520706176757812,19.897664070129395,2.0,0.1697162984292769,2
reshape-2n125,219.1945038518058,105.67018617489629,15.198720932006836,18.36253929138184,1.0,0.1722974316988876,2
reshape-2n128,226.2056665960534,106.9586175463618,15.763541221618652,18.237414360046387,2.0,0.1356482388121515,2
reshape-2n129,210.56145693576727,103.2732308569486,14.746963024139404,18.039326667785645,2.0,0.1825103400076286,2
reshape-2n12,268.44400509774505,116.09062783634148,16.288338979085285,20.514009475708008,3.0,0.205989497159325,2
reshape-2n132,244.77009238945783,111.92664130040664,15.991653442382812,19.505247116088867,2.0,0.1801358194948411,2
reshape-2n133,277.6319368440208,118.97291430361004,17.056819915771484,20.7243766784668,1.0,0.1769682543217818,2
reshape-2n135,243.88340708443008,111.1004910654632,16.0301456451416,19.25934600830078,2.0,0.1676692636275081,2
reshape-2n137,237.09822443790347,109.51525191652976,16.3082275390625,18.50050163269043,2.0,0.1184980892493302,2
reshape-2n138,217.6355156841567,104.96866939301763,15.046431541442873,18.28523826599121,2.0,0.1771268537731995,2
reshape-2n139,200.1374764132875,98.01969855898108,13.886795043945312,17.22342363993327,3.0,0.1937262106386233,2
reshape-2n13,217.0191820992238,104.69241484954463,15.318592071533203,17.94267249107361,4.0,0.1462480252507463,2
reshape-2n140,271.5519471260274,118.4657708832387,16.221433639526367,21.314434051513672,1.0,0.238946077558443,2
reshape-2n141,243.88202189121972,111.38087755862855,16.083572387695312,19.290902137756348,2.0,0.1662612628044811,2
reshape-2n142,243.50546010807903,111.16271272916448,16.077035903930664,19.23232650756836,3.0,0.164061825926053,2
reshape-2n144,229.10814392552825,108.17979113739682,14.95395851135254,19.3221222559611,3.0,0.2260705985990193,2
reshape-2n145,245.52798838615297,111.44934650977056,16.39077091217041,19.02403895060221,3.0,0.138417927195657,2
reshape-2n146,259.1540963605692,114.904713231737,16.597728729248047,19.89561557769775,2.0,0.1657594777889915,2
reshape-2n148,217.4425798169456,105.31352323581926,14.782616138458252,18.621456146240234,2.0,0.2061514404477473,2
reshape-2n149,251.76220524342105,113.16779324424824,16.304676055908203,19.6311092376709,3.0,0.1694470313159622,2
reshape-2n14,181.36628043931785,94.8061290991534,13.118850549062094,16.924588203430176,6.0,0.2248644167068571,2
reshape-2n150,237.31810016665443,109.88905979233505,15.895732402801514,19.006436347961422,2.0,0.1636658176320125,2
reshape-2n151,254.72351808522504,114.49757020285438,15.737944984436036,20.5176139831543,5.0,0.232954426506052,2
reshape-2n152,188.7925924194685,97.42245286844914,13.95013189315796,16.98576068878174,2.0,0.178716093511706,2
reshape-2n153,243.5482514295132,111.1929803434696,16.134109020233154,19.19328689575196,2.0,0.1593879095401782,2
reshape-2n155,216.39936535236788,104.28217885254452,15.424113750457764,17.729348182678223,2.0,0.1300236426329931,2
reshape-2n156,197.78014567626164,100.17543996014004,14.332760492960611,17.460408846537273,3.0,0.1791280136144654,2
reshape-2n157,184.58448360422685,95.74551332781353,14.033302625020346,16.390994707743328,3.0,0.1438406957455228,2
reshape-2n159,181.36628043931785,94.8061290991534,13.118850549062094,16.924588203430176,6.0,0.2248644167068571,2
reshape-2n15,192.6952828835164,98.7582888973072,14.19133701324463,17.17020740509033,5.0,0.1734906470007215,2
reshape-2n160,192.6952828835164,98.7582888973072,14.19133701324463,17.17020740509033,5.0,0.1734906470007215,2
reshape-2n161,217.4669024684609,104.98332485200883,14.489983940124512,18.78731803894043,5.0,0.2287358999250901,2
reshape-2n162,209.71470716798973,102.09225011676732,14.52010555267334,17.884749984741212,5.0,0.1881292405506645,2
reshape-2n163,217.5114879065357,104.07402404548438,14.615224361419678,18.39059066772461,4.0,0.2052879309053775,2
reshape-2n164,206.05738850118072,101.75009274680384,14.364787673950197,17.906317710876465,5.0,0.1977810342756908,2
reshape-2n165,210.3402919091168,103.53640965841824,14.71666701634725,18.120471636454266,6.0,0.1878430478188733,2
reshape-2n167,243.71910210278952,112.82040661827456,15.004652976989746,20.68110466003418,1.0,0.2744752650478126,2
reshape-2n16,217.4669024684609,104.98332485200883,14.489983940124512,18.78731803894043,5.0,0.2287358999250901,2
reshape-2n170,262.1558502746324,114.4613821696358,14.631758054097494,21.45019308725993,3.0,0.3178728977135482,2
reshape-2n175,254.6781829921276,113.77684273829205,16.500179529190063,19.63478708267212,4.0,0.1596456096154144,2
reshape-2n176,212.18176737802423,102.11378140097926,13.576544284820557,18.70987844467163,2.0,0.2743649123660123,2
reshape-2n178,225.85800968510893,108.17292196097162,14.69023084640503,19.568352699279785,2.0,0.2492862801401926,2
reshape-2n179,306.75238938432165,125.94039336021363,17.220319747924805,22.680721282958984,1.0,0.2407507886063931,2
reshape-2n17,209.71470716798973,102.09225011676732,14.52010555267334,17.884749984741212,5.0,0.1881292405506645,2
reshape-2n186,301.4091981425408,124.4009988965163,17.511645317077637,21.94616222381592,2.0,0.2020634342129285,2
reshape-2n187,287.567334632028,120.31827478678402,17.341708183288574,20.83105087280273,6.0,0.167506800824431,2
reshape-2n188,234.52942345899464,110.64672004725182,14.733874320983888,20.26704788208008,1.0,0.2730132969187174,2
reshape-2n189,234.69895300843083,110.69413866021368,14.73498821258545,20.28016471862793,1.0,0.273428573336442,2
reshape-2n18,206.05738850118072,101.75009274680384,14.364787673950197,17.906317710876465,5.0,0.1977810342756908,2
reshape-2n190,314.6509972258344,127.7807363274028,16.971929868062336,23.44173177083333,3.0,0.2759950487455389,2
reshape-2n193,230.50124271562223,108.23566787382524,15.076898097991943,19.24533748626709,2.0,0.2165947669792552,2
reshape-2n196,193.64772462352653,98.53599624833026,13.909622351328531,17.317007223765057,6.0,0.1967652278714989,2
reshape-2n198,214.13146243285613,102.98907000423094,14.968668937683104,17.74996871948242,5.0,0.1566932215912332,2
reshape-2n19,210.3402919091168,103.53640965841824,14.71666701634725,18.120471636454266,6.0,0.1878430478188733,2
reshape-2n1,251.1948909556371,113.02642877551897,16.617782592773438,19.28847376505534,3.0,0.1384604715133219,2
reshape-2n204,263.5750920758734,115.9353764431753,16.606172561645508,20.20900535583496,1.0,0.1782785807985945,2
reshape-2n209,171.3100373032282,92.48962615026352,13.414487600326538,15.96870732307434,4.0,0.1599515647116298,2
reshape-2n20,253.71205133695443,114.45753235881116,15.714253425598145,20.55689239501953,1.0,0.2355725211946261,2
reshape-2n211,179.2154177422699,92.05205224580904,13.44196949005127,15.807084655761718,5.0,0.149623742594961,2
reshape-2n214,181.8911258604473,96.51228057724516,13.099653959274292,17.43379020690918,4.0,0.2486055066738859,2
reshape-2n215,240.81272037371315,109.77165886135774,16.012404441833496,18.857914924621586,2.0,0.1508921052068639,2
reshape-2n219,268.4671171426593,116.52123416736616,16.628185272216797,20.362201690673828,3.0,0.18337979729212,2
reshape-2n220,217.45365775025329,107.36900782841768,13.730454762776692,20.13903363545736,3.0,0.3182168016938777,2
reshape-2n222,232.70118344305385,106.99893899694548,14.20909309387207,19.608396530151367,4.0,0.2753567038476051,2
reshape-2n224,187.20968957812903,97.74162957816804,13.648316860198976,17.353017330169678,2.0,0.2134902766177596,2
reshape-2n228,191.79354471307897,97.55614626702707,13.183430035909018,17.70292059580485,3.0,0.2552963244362538,2
reshape-2n229,225.052893939628,105.76074948207444,14.478280782699583,19.029720544815063,4.0,0.2391753337310877,2
reshape-2n22,222.5977833536832,106.25686775250962,15.610899607340494,18.16069730122884,3.0,0.1404019708932549,2
reshape-2n230,195.14778347895083,99.4684900699802,13.04868769645691,18.38218188285828,4.0,0.2901447837035576,2
reshape-2n231,208.5477917361777,104.2977561434672,13.81486749649048,19.16493129730225,2.0,0.2791590388620318,2
reshape-2n232,250.1792376574843,114.03805610772918,15.361643314361572,20.73612117767334,2.0,0.2591843391182767,2
reshape-2n235,217.0150886684276,106.38259412681477,14.280561447143556,19.37503719329834,2.0,0.2629401789183103,2
reshape-2n236,261.016242263662,115.32018228000854,16.57901382446289,20.04617404937744,2.0,0.1729587010655645,2
reshape-2n237,237.99760024967009,110.13364572444682,15.563852310180664,19.37205696105957,5.0,0.1965823587311305,2
reshape-2n238,262.8781271842095,116.3099276433486,16.140040397644043,20.72192319234212,3.0,0.2211128162269867,2
reshape-2n239,195.3407601325475,98.1934315390816,13.419519106547035,17.680604298909504,3.0,0.2410033684553011,2
reshape-2n241,250.9445079637929,113.4405238304765,15.895060539245604,20.082722981770832,3.0,0.2085206496313466,2
reshape-2n242,241.5503432318573,112.124634962871,15.46527067820231,20.014774958292644,3.0,0.2273072912171493,2
reshape-2n243,250.35037161513105,113.51085507292515,15.326599756876629,20.587018966674805,3.0,0.255521171778851,2
reshape-2n244,239.30636042298624,110.3711963186624,15.897380828857422,19.15220737457276,2.0,0.1699452434937904,2
reshape-2n246,298.7254402584025,125.20285287857128,16.44985580444336,23.12172508239746,1.0,0.288554130549428,2
reshape-2n249,221.17182030611144,106.36952322473388,15.055888175964355,18.70395851135254,1.0,0.1950426875238177,2
reshape-2n24,197.9542473937579,98.9400101010636,13.687046527862549,17.664424419403076,2.0,0.225163175267215,2
reshape-2n251,254.81678194896443,114.71829725831952,15.740270614624023,20.612276077270508,1.0,0.2363642639164397,2
reshape-2n258,223.45677493473903,103.0784534643572,14.67714786529541,18.023355960845947,2.0,0.1856595465805514,2
reshape-2n259,267.1989138118058,115.70498731014906,15.75626309712728,20.87726783752441,3.0,0.2452909442102732,2
reshape-2n25,231.0939492340492,108.42813315385268,15.466280619303385,18.94488461812337,3.0,0.1836170591132672,2
reshape-2n260,310.7892712413832,127.4361957504658,17.038976669311523,23.26620578765869,2.0,0.267651252429407,2
reshape-2n261,283.80590456070365,121.53477169335405,16.505024909973145,21.955870628356934,2.0,0.2482637017975407,2
reshape-2n262,243.4916080154205,112.8265035894568,14.948697408040363,20.72968292236328,3.0,0.2788747679341666,2
reshape-2n263,223.23879338338816,106.97631260574884,14.934865236282349,18.98765277862549,4.0,0.2134433144314386,2
reshape-2n265,266.5675931276338,117.63801642335832,15.900388717651367,21.345666885375977,1.0,0.2550999318487068,2
reshape-2n266,161.01892146664994,88.75067559502502,13.008166313171388,15.195987224578856,2.0,0.1439735950730967,2
reshape-2n269,283.739421484311,119.80958499126454,17.362558364868164,20.67979621887207,2.0,0.1604096006989007,2
reshape-2n26,212.1022696778477,103.67842969369777,14.036436716715494,18.791372617085774,3.0,0.2530382424563773,2
reshape-2n271,291.5100699749213,122.2836748595333,17.10351276397705,21.68253517150879,2.0,0.2111848255433087,2
reshape-2n275,226.2576123270545,108.38920272477694,14.58739423751831,19.721583366394043,2.0,0.2603335154937148,2
reshape-2n277,262.1947332344163,116.1031853501742,16.067084789276123,20.74052333831787,2.0,0.2253288633468387,2
reshape-2n278,258.8711556679144,117.05566731468268,15.08428716659546,21.859129905700684,4.0,0.3099319491824054,2
reshape-2n281,284.22611987901934,120.27330013484776,16.876881281534832,21.27108192443848,3.0,0.2065809655810278,2
reshape-2n282,224.319657816646,108.26648715529342,14.378691673278809,19.86360549926757,1.0,0.276128813884821,2
reshape-2n286,231.50979657414905,110.6630465014018,14.230687141418455,20.69307518005371,4.0,0.3122971323694037,2
reshape-2n287,187.68448210163209,94.6751560202373,13.615340113639832,16.440605401992798,4.0,0.1718467914819311,2
reshape-2n289,222.4785894916929,107.71727919735932,14.505295515060425,19.57119464874268,4.0,0.2588446553520791,2
reshape-2n28,237.35845391257752,109.80359683975178,15.714694023132324,19.1451416015625,3.0,0.1791811024343745,2
reshape-2n290,254.39902970068147,115.48141112618916,15.324742794036863,21.17961406707764,2.0,0.2764389971648162,2
reshape-2n291,242.41605318869625,111.7551069199571,15.49441909790039,19.9185733795166,2.0,0.2221120055799688,2
reshape-2n293,242.43700984978952,111.5882382928131,15.633343696594238,19.758420944213867,2.0,0.208775653644915,2
reshape-2n294,248.50625863492328,113.03652285311018,15.711067199707031,20.126635869344074,3.0,0.2193893057091883,2
reshape-2n295,272.00762379429113,118.25085669337196,16.418472290039062,21.056710243225098,2.0,0.2202736277229425,2
reshape-2n297,261.86221370987613,117.67973472188336,15.138345336914062,21.99709548950195,5.0,0.3118025357421032,2
reshape-2n298,250.6097462950828,113.69521303720944,15.538116931915283,20.481324195861816,2.0,0.2413519368510993,2
reshape-2n29,261.5215479231534,114.76185653673204,16.131295839945476,20.27843983968099,3.0,0.2045100132220405,2
reshape-2n2,170.20604259878607,91.41713542704548,13.615285078684488,15.450339317321776,6.0,0.1187711286431075,2
reshape-2n300,258.9320378912046,115.91717023938573,15.79191239674886,20.9118169148763,3.0,0.2448330787787851,2
reshape-2n301,241.13944514485365,111.3580940935207,15.538555145263672,19.76474126180013,3.0,0.2138245100483316,2
reshape-2n303,292.3904942978711,123.14988379176408,16.74156951904297,22.226317405700684,2.0,0.246768179655842,2
reshape-2n304,229.00894559162924,108.09452877166298,15.50704050064087,18.783496856689453,2.0,0.174432715114051,2
reshape-2n305,260.8641418640463,116.94964786394652,15.336114406585692,21.61787986755371,2.0,0.2905819395544114,2
reshape-2n307,232.24512925675936,109.09816368084614,15.183772087097168,19.39926719665528,3.0,0.2173017705681647,2
reshape-2n312,195.35517880657767,99.67155663306494,13.850627899169922,17.753660519917805,6.0,0.2198438241155437,2
reshape-2n316,231.87606353877888,109.43520062975028,15.036195119222006,19.63789812723796,3.0,0.234327674896803,2
reshape-2n317,265.3609511244849,117.55855085211644,15.723015785217283,21.469855308532715,4.0,0.2676701561668875,2
reshape-2n318,250.92014316795849,115.22238243777728,14.771594683329264,21.582409540812176,3.0,0.315572496416756,2
reshape-2n319,290.11531857172173,121.54317440985592,16.973191261291504,21.5772279103597,3.0,0.2133747981063729,2
reshape-2n320,189.16010691784663,98.10962377292796,13.187925100326538,17.809783458709717,4.0,0.259512327541686,2
reshape-2n324,209.06536689490343,104.16423502303972,14.14170503616333,18.83960056304932,2.0,0.2493627989173037,2
reshape-2n325,215.12710489044645,104.93719587621726,14.86678409576416,18.43499660491944,2.0,0.193556450572011,2
reshape-2n327,192.0045221532048,97.4729802493117,13.53668975830078,17.35010051727295,3.0,0.2197918539535673,2
reshape-2n328,223.68714111516368,106.06021019666588,14.136339664459229,19.413716316223145,2.0,0.271837527952021,2
reshape-2n32,188.28856387660275,95.5651917219402,13.499392890930176,16.82101764678955,5.0,0.1974687159604363,2
reshape-2n332,215.7549859334093,103.06147091398807,14.113581339518229,18.536573092142746,3.0,0.2386089235932896,2
reshape-2n333,219.92771896562192,103.78120745351626,15.273266792297363,17.715447902679443,2.0,0.1378560183066386,2
reshape-2n334,204.91182373282663,102.58391288588962,14.327020645141602,18.210474014282227,1.0,0.2132538321679537,2
reshape-2n335,214.19401631859265,103.84179862271624,13.298964818318684,19.449552218119305,3.0,0.3162328536320081,2
reshape-2n337,282.5156767322808,119.79819825395396,16.00827169418335,21.88671588897705,4.0,0.268585027768113,2
reshape-2n338,229.155103901463,108.6865438680066,14.843217531840006,19.588246663411457,3.0,0.2422385838358166,2
reshape-2n340,209.4262584975137,104.01041391425728,14.259439468383787,18.698389053344727,2.0,0.2373974342012586,2
reshape-2n341,219.36271058437563,106.95243341041564,14.300774574279783,19.53709316253662,2.0,0.2680193283972125,2
reshape-2n34,185.31476239967745,96.50536708958194,14.063925504684448,16.587450981140137,4.0,0.1521346154586938,2
reshape-2n350,283.90915953752125,121.0943880886007,16.157331466674805,22.142677307128903,3.0,0.2703081365200177,2
reshape-2n352,269.95402475991625,117.45398589910614,16.19762372970581,21.00752639770508,2.0,0.2289609246200789,2
reshape-2n354,227.3862538561901,107.21397328284326,15.998677253723145,18.0963191986084,1.0,0.1159153926200949,2
reshape-2n355,286.2320368834939,120.255811145859,16.454390048980713,21.645323753356934,2.0,0.2398177899081398,2
reshape-2n356,315.68458563802,127.71848074640836,17.286123275756836,23.14530372619629,2.0,0.253147702002628,2
reshape-2n369,294.29027147848905,122.22411528039696,17.85045623779297,20.991172790527344,1.0,0.1496208231943896,2
reshape-2n372,240.8430376670144,110.7704130893157,15.714396476745604,19.43782520294189,2.0,0.1915558292824215,2
reshape-2n375,232.60328525925104,108.7199664258426,15.10760235786438,19.36536717414856,4.0,0.2198649154438963,2
reshape-2n379,253.71205133695443,114.45753235881116,15.714253425598145,20.55689239501953,1.0,0.2355725211946261,2
reshape-2n381,212.1551081257863,103.78247522434322,15.084968566894531,17.88007402420044,6.0,0.1563251613792409,2
reshape-2n382,197.9542473937579,98.9400101010636,13.687046527862549,17.664424419403076,2.0,0.225163175267215,2
reshape-2n383,213.85578449760536,103.97650039070224,15.1123415629069,17.916614055633545,6.0,0.1565179940818613,2
reshape-2n385,176.90722337283583,93.811159016446,13.132153511047363,16.61931781768799,5.0,0.2098259594584096,2
reshape-2n386,265.20141312856026,116.69226986133336,16.425473976135255,20.58392601013184,5.0,0.2020242412428857,2
reshape-2n389,207.19362661622569,99.8283046673334,14.156352233886718,17.512042617797853,5.0,0.1916218717113375,2
reshape-2n38,190.1251662102319,98.06121684779627,14.358540534973145,16.797569751739502,6.0,0.145201315000569,2
reshape-2n390,244.5417401854069,110.8602788815424,15.800493001937866,19.386945962905884,4.0,0.1849931891196363,2
reshape-2n392,215.1298605861295,104.12441981216008,15.092626953125,17.98532180786133,5.0,0.1608364245933003,2
reshape-2n394,214.0275231548673,103.3676723397608,14.961941242218018,17.869938611984253,4.0,0.1627312456359544,2
reshape-2n395,255.770068371897,114.45942083228222,16.18367354075114,20.130556106567383,3.0,0.1960642589763634,2
reshape-2n396,174.93886038285862,92.52078781393011,13.20833969116211,16.146854972839357,5.0,0.1819868504807981,2
reshape-2n397,179.07961714212254,93.4940664280009,13.552767181396485,16.148267364501955,5.0,0.1607293293156049,2
reshape-2n398,187.2935100864613,96.64274919415536,13.580888748168944,17.065737342834474,5.0,0.2042014666379909,2
reshape-2n399,213.59775766182648,104.6192860621872,14.590189743041991,18.5774866104126,5.0,0.2146305876025094,2
reshape-2n3,275.8551876808427,119.13857649366678,16.50979995727539,21.261741002400715,3.0,0.2234972688543601,2
reshape-2n400,169.57924682321098,91.84586755321465,13.225921154022217,15.94105021158854,6.0,0.1703230980097237,2
reshape-2n401,226.52553967301665,107.48794394589278,15.59747346242269,18.53318214416504,3.0,0.1584028397771196,2
reshape-2n404,255.81202396749504,113.6563122938664,16.8242130279541,19.309643745422363,2.0,0.1287144781248214,2
reshape-2n405,179.39467497542225,94.12594953076454,13.94973882039388,15.976080576578775,3.0,0.126835974973458,2
reshape-2n409,189.9775844776576,99.6395784787447,13.423569997151692,18.06730079650879,3.0,0.2570240486755178,2
reshape-2n410,260.48988605274025,115.31433101628002,16.451838493347168,20.15982818603516,2.0,0.1839296276967548,2
reshape-2n413,249.32779759192192,111.05751922451446,15.876677751541138,19.375014305114743,4.0,0.180559172678912,2
reshape-2n415,256.08499814936323,111.65770460862468,16.464046001434326,19.012763261795044,4.0,0.1340529635417175,2
reshape-2n416,195.0193923156217,99.20011175596451,14.007184600830078,17.460050582885742,5.0,0.1977580743918432,2
reshape-2n41,222.414140417598,105.00050867062836,14.685630083084106,18.61621356010437,4.0,0.2111376443082783,2
reshape-2n420,313.5858119550299,124.80890978721258,17.450551986694336,22.09478187561035,3.0,0.210195779033357,2
reshape-2n422,252.90158745708925,113.55811518067516,16.0796856880188,19.96177291870117,2.0,0.1944760741690153,2
reshape-2n424,196.19410377812127,100.20999296028236,14.15704345703125,17.64507484436035,1.0,0.1976773359192597,2
reshape-2n425,307.82323948378337,124.4101215299515,17.22951736450195,22.1958911895752,5.0,0.2237519450179057,2
reshape-2n428,224.1753878016865,107.40879252823676,14.82806158065796,19.213367462158203,2.0,0.2282424405892067,2
reshape-2n429,227.4359175949577,105.5768507095618,15.295669078826904,18.243205547332764,4.0,0.1615689995301731,2
reshape-2n430,282.8009771969434,117.79467462423406,16.51258595784505,20.851651509602863,3.0,0.2080921767640098,2
reshape-2n432,227.1501555278913,108.11453462704502,15.002266883850098,19.27819061279297,1.0,0.2218010919606416,2
reshape-2n434,276.74139955709927,118.70619547767842,16.936935742696125,20.74861526489257,3.0,0.1837076582477266,2
reshape-2n435,278.5080207193293,118.93937500051442,17.372506141662598,20.41987895965576,2.0,0.1492355965485378,2
reshape-2n436,296.0817315331025,122.18280132815832,17.24646806716919,21.52414894104004,2.0,0.198738676525073,2
reshape-2n437,267.30840860521965,115.59597849640146,16.61618487040202,20.086708068847656,3.0,0.1727771014817529,2
reshape-2n441,178.507359349,95.37857983471972,13.43571662902832,16.804471015930176,2.0,0.2004677435968302,2
reshape-2n442,228.1884178832771,106.21583644254645,14.422229607899984,19.196197350819904,6.0,0.2486934081616959,2
reshape-2n443,268.387359209237,114.53426367446802,15.64135284423828,20.615143013000488,5.0,0.2412687685758762,2
reshape-2n444,200.74520778154337,100.15679211441268,14.07468811670939,17.690234820048016,6.0,0.2043809333294543,2
reshape-2n446,298.06202246909726,122.70596811979732,16.53009573618571,22.30133565266927,3.0,0.2587844964251185,2
reshape-2n44,250.9877940047519,110.96710466654356,15.139185269673666,19.962422370910645,3.0,0.241615822549944,2
reshape-2n452,218.07739247948203,105.94042931929016,14.20488224029541,19.311094284057617,5.0,0.2644185755945311,2
reshape-2n453,263.48310016449244,114.86805459215933,15.512932459513346,20.79927698771159,3.0,0.2541600138947842,2
reshape-2n454,271.1902727086951,114.6560957054352,15.954288864135744,20.398544692993163,5.0,0.2178712205083927,2
reshape-2n457,276.4066770515281,115.91535940273202,16.55915331840515,20.202486038208008,4.0,0.1803408111710803,2
reshape-2n459,255.89478851914805,109.9487530897716,15.334171136220297,19.465893109639484,6.0,0.2122544262494262,2
reshape-2n45,235.2857472307865,109.03069488160789,14.46488602956136,19.98324012756348,3.0,0.2761491160980691,2
reshape-2n463,246.5664257024749,113.1672096864323,15.300727605819702,20.524126052856445,4.0,0.2545004076463356,2
reshape-2n466,198.58542695079103,99.37472399517397,13.695178747177124,17.7778959274292,4.0,0.2296513151453948,2
reshape-2n46,261.82453600830854,112.80042615090906,15.37949307759603,20.349300384521484,3.0,0.2442249715231338,2
reshape-2n471,211.79458481598505,104.32736095325129,13.959932088851929,19.01744031906128,4.0,0.2659405338130696,2
reshape-2n472,275.29253858608365,118.48861307662104,16.284016847610474,21.252657413482662,4.0,0.2337891431271126,2
reshape-2n473,250.43812022175177,112.94170051720188,15.752400716145834,20.05133819580078,3.0,0.2143965374119142,2
reshape-2n475,213.1818673554873,104.7674220196183,14.449889659881592,18.757587432861328,2.0,0.2296509499634852,2
reshape-2n477,184.49853137415624,94.38192314361548,13.831668853759766,16.161649386088055,3.0,0.1441672490639436,2
reshape-2n479,235.631547551436,110.45133478478262,14.672168095906576,20.259302775065105,3.0,0.2757811925312209,2
reshape-2n482,199.4625364462294,101.35052404526888,13.844369316101076,18.25602607727051,5.0,0.2416548235906676,2
reshape-2n483,273.66015269243644,119.38442313784724,15.915061712265016,21.82565021514893,4.0,0.2708092746204391,2
reshape-2n484,255.1331898694468,115.099362803491,14.777370691299438,21.485637426376343,4.0,0.3122209782262106,2
reshape-2n485,264.0317796123149,115.74348540605044,16.08455009460449,20.56427345275879,5.0,0.2178400986762468,2
reshape-2n487,208.2654729286644,103.27987571062894,14.3287935256958,18.414575576782227,4.0,0.2218776117891052,2
reshape-2n48,286.252449705922,121.41204777021524,16.993200302124023,21.47313404083252,2.0,0.2086297105112658,2
reshape-2n490,265.97744072706894,115.94838584673248,17.314851760864258,19.55852699279785,1.0,0.1147159616242979,2
reshape-2n491,281.86382727569367,115.31566683964144,16.662784814834595,19.925339937210083,4.0,0.1637389942985488,2
reshape-2n492,266.07729375781133,115.9393616480597,17.219873428344727,19.64396572113037,2.0,0.1234013705378302,2
reshape-2n494,306.34716764460927,124.57055921496227,16.306625604629517,22.982192993164062,4.0,0.2904669450178301,2
reshape-2n495,216.15744872424025,102.90342629898412,14.893515268961588,17.789870580037434,3.0,0.1628092401260038,2
reshape-2n496,202.5073378780835,100.4434661211074,13.783487637837728,17.99348481496175,3.0,0.233973419847131,2
reshape-2n498,206.4429640230438,103.43222713368,13.921257972717283,18.792120695114136,4.0,0.2591970752754506,2
reshape-2n499,270.1386448925506,112.79831068356702,16.329424540201824,19.49008655548096,3.0,0.1621676746422812,2
reshape-2n4,221.79663077562225,105.49558691899044,14.863327026367188,18.59957003593445,4.0,0.2008779236481716,2
reshape-2n500,227.43427917046185,106.36953209419286,14.555468559265137,19.13863134384156,4.0,0.2394718150026539,2
reshape-2n501,231.16977120593825,108.98223579800042,14.59609285990397,19.88198026021321,3.0,0.265863225449785,2
reshape-2n502,162.29675571251613,90.13870932608064,12.885193824768066,15.72702751159668,5.0,0.1806974448752711,2
reshape-2n504,236.60413225585089,108.69036566763243,15.203697204589844,19.255724143981933,5.0,0.210432332177883,2
reshape-2n505,181.82960785933616,95.6875962113967,13.263359387715658,17.024198214213055,6.0,0.2209113627070889,2
reshape-2n507,227.11134608982533,107.52313384352296,15.642433881759644,18.50851058959961,4.0,0.1548518285123647,2
reshape-2n508,265.5547618929953,117.19415855578576,16.024224758148193,21.103243827819824,2.0,0.2406748038884951,2
reshape-2n50,222.2216804881197,107.94563698634708,14.348347345987955,19.7546443939209,3.0,0.2736722028565913,2
reshape-2n510,194.86903397317664,99.69616644456435,13.816227197647097,17.79014778137207,4.0,0.2233776038603814,2
reshape-2n511,269.2253445799933,113.95887371818614,15.606366634368896,20.43519401550293,4.0,0.2362995613093126,2
reshape-2n512,189.9835903940874,98.6273000454922,14.046260118484495,17.21821641921997,4.0,0.184220956660456,2
reshape-2n513,252.8157908630764,113.2055699063132,14.495038986206056,21.212020556132,3.0,0.3166592051969414,2
reshape-2n514,215.5351532342521,104.88692648026318,14.56436014175415,18.68556499481201,2.0,0.2205555386846531,2
reshape-2n515,202.39959835261376,97.90638346503118,14.133165121078491,16.95874571800232,4.0,0.1666149515954103,2
reshape-2n518,219.2154120964929,104.18262778259904,14.028235626220702,18.932157897949217,5.0,0.2590260602178751,2
reshape-2n519,219.6270941161912,104.4369031806737,15.468720436096191,17.733116785685223,6.0,0.1276930827758902,2
reshape-2n51,187.0615295555695,96.25657077425,13.740058517456054,16.81194190979004,5.0,0.182720319212211,2
reshape-2n520,203.5001207956205,102.50346878966742,13.946727434794107,18.5190486907959,3.0,0.2468982792984538,2
reshape-2n521,211.1168941649329,104.2705879895184,14.163262049357096,18.844070434570312,3.0,0.2483968843921353,2
reshape-2n523,227.69658276129604,108.9939098920897,14.562827110290527,19.915904998779297,2.0,0.2687840642349356,2
reshape-2n524,195.4274719783165,99.05709798003882,13.744717025756836,17.64956130981445,5.0,0.2212431354815734,2
reshape-2n525,214.49943491163452,104.26165985310206,14.434094429016112,18.60110068321228,4.0,0.2240193376275277,2
reshape-2n526,217.8610900605792,104.93318327996064,14.97625494003296,18.326037406921387,4.0,0.1827881495878251,2
reshape-2n527,224.46683824135687,105.5969279669666,14.423896551132202,19.01315450668335,4.0,0.2413727797740227,2
reshape-2n528,227.5053437051603,108.32998990336895,14.692405700683594,19.597436904907227,2.0,0.2502894244805761,2
reshape-2n529,209.5261978546166,102.06069291086808,14.237581253051758,18.12449703216553,5.0,0.2144564769006094,2
reshape-2n531,200.1907754346018,99.77238877224202,13.75546383857727,17.84700655937195,4.0,0.229256525859576,2
reshape-2n532,219.6157815247793,105.30427038061464,14.036162376403809,19.23672466278076,5.0,0.2703455176254097,2
reshape-2n534,218.03450001992545,106.75184523143136,14.281564474105837,19.469314098358154,4.0,0.2664577497719758,2
reshape-2n535,210.43103721079072,101.70873213830087,14.362085819244385,17.912817239761353,4.0,0.1982229468983447,2
reshape-2n536,244.8213379576472,113.08340446441282,14.99389616648356,20.73843510945638,3.0,0.276999634381931,2
reshape-2n537,215.11522253263965,103.97713067455268,14.191522359848022,18.738773345947266,4.0,0.2426653496549549,2
reshape-2n538,207.8035463635349,102.5599468925911,14.31789493560791,18.20773124694824,6.0,0.2136365183878851,2
reshape-2n539,205.07438790731845,102.99773960918688,13.948617458343506,18.645740509033203,4.0,0.2519139987180507,2
reshape-2n53,275.4560093199998,119.5956248359014,16.155595779418945,21.7089786529541,1.0,0.2558104166166963,2
reshape-2n540,197.7412615103424,100.18064819976836,14.64165496826172,17.19559669494629,1.0,0.1485230069064809,2
reshape-2n541,212.6985063115092,103.98379641079892,14.609702110290527,18.37264080047608,5.0,0.2048120752509374,2
reshape-2n543,230.6831501513612,109.93212504037038,14.60621452331543,20.10434894561768,5.0,0.2734798543924361,2
reshape-2n544,170.25174606950148,90.09244103504642,13.470204830169678,15.17983388900757,2.0,0.1126250175949497,2
reshape-2n545,261.4264926540818,115.37322315898294,17.05852508544922,19.58752155303955,2.0,0.1291126322818461,2
reshape-2n548,263.2495615635666,116.6836874640882,15.94265365600586,21.02408790588379,1.0,0.2416958239817786,2
reshape-2n549,247.3538709423132,112.13243015144104,15.5316375096639,20.01006444295248,3.0,0.2238087211591101,2
reshape-2n54,264.7039004898048,115.94304810179976,16.740777492523193,20.08890056610108,2.0,0.1666653216068807,2
reshape-2n550,212.35463558798585,103.46826048890946,15.416551113128662,17.482248306274414,2.0,0.1181596987387697,2
reshape-2n554,180.24920869478825,91.6122775842216,12.949522376060486,16.11708688735962,4.0,0.1965345557442769,2
reshape-2n556,221.08546081662536,106.22144009455144,14.81252098083496,18.875893274943035,3.0,0.2152678146099731,2
reshape-2n55,243.91916437194035,113.21203842291276,14.832521438598633,20.941251754760746,2.0,0.2917079832524035,2
reshape-2n564,226.76108861173043,109.00715702782252,14.467615127563477,19.990540027618408,4.0,0.2762769236060958,2
reshape-2n565,186.8388628883118,95.81089504222884,14.235124349594116,16.218385696411133,4.0,0.1222847565683359,2
reshape-2n567,233.3084233506113,110.28663748918044,14.741774082183838,20.15243434906006,2.0,0.2684866837007501,2
reshape-2n569,199.0126487716365,93.40547976909392,13.873126029968262,15.820510864257812,2.0,0.1230924115534816,2
reshape-2n56,263.51221199951084,117.2800944588936,15.55443525314331,21.534433364868164,2.0,0.2776947045878987,2
reshape-2n573,254.72351808522504,114.49757020285438,15.737944984436036,20.5176139831543,5.0,0.232954426506052,2
reshape-2n574,217.5114879065357,104.07402404548438,14.615224361419678,18.39059066772461,4.0,0.2052879309053775,2
reshape-2n575,254.6781829921276,113.77684273829205,16.500179529190063,19.63478708267212,4.0,0.1596456096154144,2
reshape-2n576,246.06299579525145,111.62920746192262,16.451858520507812,19.02936553955078,2.0,0.1354489204427682,2
reshape-2n577,287.567334632028,120.31827478678402,17.341708183288574,20.83105087280273,6.0,0.167506800824431,2
reshape-2n578,193.64772462352653,98.53599624833026,13.909622351328531,17.317007223765057,6.0,0.1967652278714989,2
reshape-2n579,220.5288440555188,106.45762701729969,14.428332010904947,19.26865641276041,3.0,0.2512019674942164,2
reshape-2n57,272.1530219093805,119.2032003949128,15.865311622619627,21.841108322143555,1.0,0.273603180359917,2
reshape-2n580,242.6387095180185,110.78826337328724,16.440869013468426,18.765438079833984,3.0,0.1238750226067796,2
reshape-2n584,213.06292920025288,100.97574622307718,14.876834869384766,17.21487808227539,2.0,0.1358152640824042,2
reshape-2n585,238.57170075127203,110.3456804624727,15.925029277801514,19.11005401611328,2.0,0.1666674900880032,2
reshape-2n586,204.6461323603017,102.58480563659244,14.26378377278646,18.255205154418945,3.0,0.2186456601210149,2
reshape-2n587,232.2449007383878,110.86190995341872,14.20911169052124,20.77074718475341,2.0,0.3159075326403609,2
reshape-2n588,216.2901842836835,99.80267936499855,14.773383617401125,16.949798107147217,2.0,0.1284035642187598,2
reshape-2n589,218.4730273008072,103.07561610019305,15.199685414632162,17.55911350250244,3.0,0.1343705698772335,2
reshape-2n58,230.132280054196,108.950723755585,14.991060574849447,19.53297615051269,3.0,0.2325255271221959,2
reshape-2n590,271.69195760989464,117.226635603939,17.43743324279785,19.83829498291016,1.0,0.1210215768129543,2
reshape-2n592,204.6980464105448,100.948017847591,14.134043502807618,17.88754348754883,5.0,0.2098387622288074,2
reshape-2n595,188.28856387660275,95.5651917219402,13.499392890930176,16.82101764678955,5.0,0.1974687159604363,2
reshape-2n597,185.31476239967745,96.50536708958194,14.063925504684448,16.587450981140137,4.0,0.1521346154586938,2
reshape-2n598,248.04271931206367,112.44062342681158,15.629286766052246,20.025883674621586,2.0,0.2195457129385536,2
reshape-2n59,208.53160510537884,103.71482853750936,14.27459478378296,18.59654331207276,2.0,0.2324060152342406,2
reshape-2n602,243.8416776548066,111.42030086569557,15.90573024749756,19.47018241882324,3.0,0.1830723562137591,2
reshape-2n603,190.1251662102319,98.06121684779627,14.358540534973145,16.797569751739502,6.0,0.145201315000569,2
reshape-2n605,233.5589107252534,108.0868293559973,15.983858489990237,18.37524490356445,5.0,0.1301417437495121,2
reshape-2n606,290.7133650947408,120.20194893164012,17.457449436187744,20.733306884765625,2.0,0.1579997569507307,2
reshape-2n607,214.3563060793305,102.37301601791091,15.288544654846191,17.259221076965332,4.0,0.1141810753411846,2
reshape-2n609,252.5125117796828,113.0338090302691,16.67378044128418,19.25687789916992,3.0,0.1341389539576966,2
reshape-2n610,170.20604259878607,91.41713542704548,13.615285078684488,15.450339317321776,6.0,0.1187711286431075,2
reshape-2n611,275.8551876808427,119.13857649366678,16.50979995727539,21.261741002400715,3.0,0.2234972688543601,2
reshape-2n612,221.79663077562225,105.49558691899044,14.863327026367188,18.59957003593445,4.0,0.2008779236481716,2
reshape-2n613,207.353393702633,102.49838757656116,14.588301849365234,17.943927383422853,5.0,0.1870061922540797,2
reshape-2n616,225.72953765946812,106.75570284440542,15.802397918701171,18.13149738311768,5.0,0.1284559909864445,2
reshape-2n617,219.1906512710449,105.71823617977373,15.26267604827881,18.293855285644533,5.0,0.1656938458316293,2
reshape-2n619,223.91876229963856,106.41410692466464,15.13955783843994,18.630860900878908,5.0,0.1873935445610174,2
reshape-2n61,180.9185745741697,94.58179835535697,14.045251846313477,16.014551401138306,4.0,0.1229693861224768,2
reshape-2n620,197.78014567626164,100.17543996014004,14.332760492960611,17.460408846537273,3.0,0.1791280136144654,2
reshape-2n621,184.58448360422685,95.74551332781353,14.033302625020346,16.390994707743328,3.0,0.1438406957455228,2
reshape-2n622,181.36628043931785,94.8061290991534,13.118850549062094,16.924588203430176,6.0,0.2248644167068571,2
reshape-2n623,192.6952828835164,98.7582888973072,14.19133701324463,17.17020740509033,5.0,0.1734906470007215,2
reshape-2n624,217.4669024684609,104.98332485200883,14.489983940124512,18.78731803894043,5.0,0.2287358999250901,2
reshape-2n625,217.2941314324572,105.76601352708607,14.640094184875489,18.88060607910156,5.0,0.2245961743208965,2
reshape-2n626,209.71470716798973,102.09225011676732,14.52010555267334,17.884749984741212,5.0,0.1881292405506645,2
reshape-2n627,206.05738850118072,101.75009274680384,14.364787673950197,17.906317710876465,5.0,0.1977810342756908,2
reshape-2n628,210.3402919091168,103.53640965841824,14.71666701634725,18.120471636454266,6.0,0.1878430478188733,2
reshape-2n629,257.99435712581453,115.792179087085,15.467498143513998,21.16312789916992,3.0,0.2691298650555015,2
reshape-2n631,197.9542473937579,98.9400101010636,13.687046527862549,17.664424419403076,2.0,0.225163175267215,2
reshape-2n635,201.9966511008121,99.608359756694,14.444207668304443,17.19619131088257,2.0,0.1600344862897948,2
reshape-2n636,212.190657330509,104.69877084555807,14.217636823654177,18.900980472564697,4.0,0.2477831060514836,2
reshape-2n637,202.9540468952593,99.04899529681168,13.971416711807253,17.441953420639038,4.0,0.1989763775383727,2
reshape-2n638,233.69454181566164,109.57072769682452,15.253654956817629,19.47525787353516,2.0,0.2167674977210057,2
reshape-2n640,255.0720408456692,115.749176406875,15.161310195922852,21.410680770874023,3.0,0.2918809841606013,2
reshape-2n643,173.07707480868893,91.76877470017176,13.53178342183431,15.612875620524088,3.0,0.1332933310474883,2
reshape-2n645,168.61627088738317,91.2336030999163,13.2143452167511,15.743874549865724,4.0,0.1606675234296882,2
reshape-2n651,228.6554256352012,107.772500473222,15.702028512954712,18.53035306930542,4.0,0.152631984170646,2
reshape-2n659,168.07566532524746,91.45149246581576,12.941948572794596,16.073416233062744,6.0,0.1948227815955374,2
reshape-2n65,237.768611715653,110.33908710147988,15.749678611755373,19.263063430786133,2.0,0.1823897238180551,2
reshape-2n660,214.1032268286961,104.36849439617474,15.10660171508789,18.046815236409504,3.0,0.1629214619203129,2
reshape-2n663,180.7040735781608,95.77968816462275,13.508237679799398,16.868762652079266,6.0,0.1992158548668443,2
reshape-2n666,237.35845391257752,109.80359683975178,15.714694023132324,19.1451416015625,3.0,0.1791811024343745,2
reshape-2n66,179.246535942329,91.77610640791708,13.264638137817382,15.880171394348144,5.0,0.1647043467970155,2
reshape-2n679,188.28856387660275,95.5651917219402,13.499392890930176,16.82101764678955,5.0,0.1974687159604363,2
reshape-2n67,295.27814297883083,123.2908588202432,17.08624839782715,22.00364875793457,1.0,0.2234811332522382,2
reshape-2n680,216.8544892261148,103.76302906282189,15.069600105285645,17.896084547042847,4.0,0.1579387063313942,2
reshape-2n686,174.6597047403143,93.70896271263284,13.158668518066406,16.55395851135254,5.0,0.20510441601975,2
reshape-2n688,188.92212546742323,94.17763174626158,13.529402414957682,16.37547715504964,3.0,0.1738010265682137,2
reshape-2n689,180.53028348289484,93.06407871419738,13.627597332000732,15.9385724067688,4.0,0.1449926013315121,2
reshape-2n68,188.8800514192369,96.59514920341546,13.878752072652182,16.792050043741863,3.0,0.1734926922859798,2
reshape-2n690,185.31476239967745,96.50536708958194,14.063925504684448,16.587450981140137,4.0,0.1521346154586938,2
reshape-2n691,206.3759464978124,100.08676188056336,14.074792385101318,17.674935340881344,2.0,0.2036863437600846,2
reshape-2n692,226.1618674846286,107.00760265844583,15.084954833984376,18.868985748291017,5.0,0.2005423590215687,2
reshape-2n693,191.90690888222727,98.93300347827606,13.82494020462036,17.551613807678223,4.0,0.2123265497915395,2
reshape-2n694,183.4084114061413,93.78099963899432,13.43028211593628,16.342498302459717,4.0,0.1781989590958145,2
reshape-2n695,182.97742337695223,96.04419040215544,13.841415405273438,16.65988516807556,4.0,0.1691770221923861,2
reshape-2n697,240.66704575189112,111.14700713370482,15.468102931976318,19.75265073776245,4.0,0.2169100169221885,2
reshape-2n69,276.6968936784741,119.16520736962148,16.680713653564453,21.120285034179688,1.0,0.2102041413470756,2
reshape-2n700,248.26903853476136,111.51757837901332,16.167340993881226,19.253879070281982,4.0,0.1603073367779053,2
reshape-2n702,221.605529688536,103.60112151697456,14.16197109222412,18.65905284881592,3.0,0.2410133993954136,2
reshape-2n705,228.87446738795103,106.12716862661354,14.578774134318031,19.02959632873535,3.0,0.233889469725452,2
reshape-2n706,205.7795795971691,103.39109047151432,13.853047370910645,18.85900370279948,6.0,0.2654411871792431,2
reshape-2n707,176.21516360010742,94.999897658181,13.24653148651123,16.874658902486164,3.0,0.2150044890946149,2
reshape-2n712,189.64840142022493,99.25531482617173,13.013004302978516,18.35000371932984,4.0,0.2908445958912446,2
reshape-2n714,260.833460586871,114.65810813557482,16.25055726369222,20.14142417907715,3.0,0.1931773483737436,2
reshape-2n715,220.47185907506253,105.69992727973128,14.555020014444986,18.92087777455648,3.0,0.2307428763153052,2
reshape-2n716,190.1251662102319,98.06121684779627,14.358540534973145,16.797569751739502,6.0,0.145201315000569,2
reshape-2n717,288.9335191924631,121.11072080268676,17.168361091613768,21.269953536987305,5.0,0.1928350449022415,2
reshape-2n718,271.530544656938,118.48120267255943,16.18958806991577,21.346323013305664,2.0,0.2415748576546686,2
reshape-2n719,245.05425803299968,111.7072028101412,16.017588138580322,19.44487476348877,2.0,0.1762565543154739,2
reshape-2n720,254.2849211831414,112.92535256251702,15.88843297958374,19.938899755477905,4.0,0.2031439460334997,2
reshape-2n721,277.125769247058,119.72331295018668,16.366719722747803,21.533337593078613,2.0,0.239935766947317,2
reshape-2n727,215.239921682928,104.45079677737728,14.64402723312378,18.44175434112549,2.0,0.2059309021123169,2
reshape-2n72,266.08904455075475,117.7188803987206,15.83971071243286,21.40292739868164,2.0,0.2599278398987355,2
reshape-2n732,280.0431848552719,117.7295162493488,16.68277072906494,20.67621326446533,2.0,0.1931418719821206,2
reshape-2n733,233.5589107252534,108.0868293559973,15.983858489990237,18.37524490356445,5.0,0.1301417437495121,2
reshape-2n735,279.52214988856986,117.10661817589806,17.053627014160156,20.15081787109375,2.0,0.1537005037089089,2
reshape-2n737,232.895435815784,108.59831795118453,15.933263142903646,18.57397333780925,3.0,0.1421726060912429,2
reshape-2n738,290.7133650947408,120.20194893164012,17.457449436187744,20.733306884765625,2.0,0.1579997569507307,2
reshape-2n739,214.3563060793305,102.37301601791091,15.288544654846191,17.259221076965332,4.0,0.1141810753411846,2
reshape-2n73,276.60774585167644,119.33011734517903,16.305922508239746,21.4956111907959,2.0,0.2414301522525817,2
reshape-2n741,252.5125117796828,113.0338090302691,16.67378044128418,19.25687789916992,3.0,0.1341389539576966,2
reshape-2n748,311.9134099383988,125.86428695243258,17.60102876027425,22.31714693705241,3.0,0.211322629639013,2
reshape-2n750,177.0724980683147,93.25633986826377,13.557559490203856,16.057157516479492,4.0,0.1556687741096326,2
reshape-2n751,262.597051169291,115.51886962868998,15.97980817159017,20.63269551595052,6.0,0.2255103963882635,2
reshape-2n752,292.9604780616045,121.8945746376033,16.68299045562744,21.93334045410156,5.0,0.2393775817897496,2
reshape-2n754,278.79000497388745,119.41780664893592,16.834085845947264,21.05147857666016,5.0,0.2003371266942138,2
reshape-2n755,284.89830583990243,119.95076083084882,17.443979263305664,20.663418292999268,4.0,0.1558037970312174,2
reshape-2n756,276.71281213117413,118.35204498443076,16.926165771484374,20.6356689453125,5.0,0.1797617118039082,2
reshape-2n757,242.45694847920777,111.68216164656216,15.049239794413248,20.285504976908367,6.0,0.2581284118120661,2
reshape-2n758,300.4087083153524,122.78647153170914,17.610726165771485,21.367959213256835,5.0,0.1758349035575814,2
reshape-2n759,290.0482263969785,120.90061537015876,17.453873252868654,20.926728820800783,5.0,0.1659531022583985,2
reshape-2n75,270.895748626256,118.3722636362604,16.16545581817627,21.328519821166992,2.0,0.2420732449453318,2
reshape-2n760,250.3627691019291,112.99685981072608,15.82859001159668,20.01128158569336,5.0,0.209016676727342,2
reshape-2n762,272.05800215525346,118.77753764605792,16.333206176757812,21.270469665527344,4.0,0.2321182167769084,2
reshape-2n763,262.0528314587418,112.9492346962608,15.7990935643514,19.96724859873454,3.0,0.2087495938046919,2
reshape-2n765,305.3228088815936,126.18331885607688,16.78808085123698,23.124969482421875,3.0,0.274027978112654,2
reshape-2n766,279.9514377415913,121.84605148248826,15.672586917877195,22.743889331817627,4.0,0.3109099904055554,2
reshape-2n770,288.01675915909897,117.69860460370238,15.738561630249023,21.477935314178467,4.0,0.2672218534963483,2
reshape-2n771,240.0582615291235,109.29139795003611,14.462158966064454,20.068742179870604,5.0,0.2793689391968809,2
reshape-2n772,297.39819511036325,124.33459231958524,16.67260805765788,22.67428652445476,3.0,0.2646909511496172,2
reshape-2n773,271.93553755089545,117.47430939875689,15.939609146118164,21.24797897338868,5.0,0.2498293994887138,2
reshape-2n777,222.3217337750988,105.64733197390056,15.434056282043455,18.13751077651977,4.0,0.1490532260896638,2
reshape-2n778,209.22686451068665,102.2182644911988,14.704655075073244,17.754837417602538,5.0,0.1717944394976703,2
reshape-2n779,305.3547100610002,124.14021253493792,17.498701095581055,21.87784576416016,5.0,0.2001634308873742,2
reshape-2n77,273.15440868598927,117.71162858228178,17.248815536499023,20.16318130493164,1.0,0.144538985409004,2
reshape-2n789,189.7504311995069,95.42342905936854,13.897607326507568,16.414762496948242,2.0,0.1533470356886767,2
reshape-2n79,311.49461805812217,127.36571433813954,17.082780838012695,23.22245693206787,2.0,0.2643852935981508,2
reshape-2n7,225.72953765946812,106.75570284440542,15.802397918701171,18.13149738311768,5.0,0.1284559909864445,2
reshape-2n801,177.95073944806003,94.09926921652624,14.052565415700276,15.854310989379885,6.0,0.1136438899733025,2
reshape-2n808,169.13585708479755,90.85477948021054,13.505853748321533,15.354853439331055,5.0,0.1204179315885463,2
reshape-2n80,306.81253394019524,126.94206899401446,16.641916275024414,23.473609924316406,1.0,0.29103719757288,2
reshape-2n810,158.54576094481445,89.25384514005923,13.282322565714518,15.096636454264322,3.0,0.1201800079141018,2
reshape-2n811,176.53754816066902,94.70531794418405,13.544087648391724,16.51803421974182,4.0,0.1800424028541927,2
reshape-2n819,162.5367305632945,90.98562246941508,13.016390991210937,15.873064041137695,5.0,0.179969856010359,2
reshape-2n81,237.33302804249536,110.35129192317376,14.776262760162354,20.143126487731934,2.0,0.2664364804956291,2
reshape-2n821,184.36966465112872,96.40433109996648,13.734882354736328,16.857396125793457,4.0,0.1852310847865394,2
reshape-2n823,157.08978456525958,89.44591727980232,12.726659393310548,15.664776802062988,5.0,0.187562034612935,2
reshape-2n827,265.65370968770407,115.00325774467494,16.968851725260418,19.585521856943767,6.0,0.1336022675727502,2
reshape-2n82,204.3992372467957,102.06723848714144,14.044275665283203,18.279420852661133,5.0,0.2316892434128389,2
reshape-2n830,288.36444761406,120.0730170433837,17.664092445373534,20.50214042663574,5.0,0.1384269116396795,2
reshape-2n831,279.47701271074845,118.24977670400035,17.456778287887573,20.12922954559326,4.0,0.132764706749084,2
reshape-2n833,296.34330193252526,122.66032938647342,17.54863452911377,21.39959716796875,2.0,0.179954912638223,2
reshape-2n836,269.8923117902799,114.1463234052083,16.76749849319458,19.50395441055298,6.0,0.1403026206766453,2
reshape-2n842,310.1356841280665,124.89072537530758,17.462900161743164,22.12512922286988,4.0,0.2107209867189182,2
reshape-2n843,297.4551308285113,121.9389653850374,17.684997749328613,21.03634986877441,5.0,0.1593124349210612,2
reshape-2n844,203.77899442764152,96.0967982510412,13.908207893371582,16.594719886779785,5.0,0.1618895655809422,2
reshape-2n846,192.9385438398532,97.67765170461416,13.729278945922852,17.237399864196778,5.0,0.2035179868142715,2
reshape-2n847,287.2607257597587,120.97960370127052,17.310253779093426,21.088807423909504,3.0,0.1791734150188185,2
reshape-2n848,289.66257144383604,119.696674948434,17.285094261169434,20.71449041366577,4.0,0.1655554196126348,2
reshape-2n849,279.0260788112735,119.14554546552532,17.26468022664388,20.575829823811848,3.0,0.1609242312713952,2
reshape-2n850,281.79438073596805,118.90045141840008,17.552766036987304,20.23874015808105,5.0,0.1327144921133479,2
reshape-2n851,269.30434384272905,116.2746885036127,17.056028842926025,19.89484071731568,4.0,0.142690857128545,2
reshape-2n85,294.69214676252204,123.24968175811242,17.055458068847656,22.007875442504883,2.0,0.2250293258245355,2
reshape-2n860,189.7504311995069,95.42342905936854,13.897607326507568,16.414762496948242,2.0,0.1533470356886767,2
reshape-2n86,278.7123835260377,118.74178769129352,17.693692207336426,20.057432174682617,2.0,0.117848583346068,2
reshape-2n872,177.95073944806003,94.09926921652624,14.052565415700276,15.854310989379885,6.0,0.1136438899733025,2
reshape-2n879,169.13585708479755,90.85477948021054,13.505853748321533,15.354853439331055,5.0,0.1204179315885463,2
reshape-2n881,158.54576094481445,89.25384514005923,13.282322565714518,15.096636454264322,3.0,0.1201800079141018,2
reshape-2n882,176.53754816066902,94.70531794418405,13.544087648391724,16.51803421974182,4.0,0.1800424028541927,2
reshape-2n890,162.5367305632945,90.98562246941508,13.016390991210937,15.873064041137695,5.0,0.179969856010359,2
reshape-2n892,184.36966465112872,96.40433109996648,13.734882354736328,16.857396125793457,4.0,0.1852310847865394,2
reshape-2n894,157.08978456525958,89.44591727980232,12.726659393310548,15.664776802062988,5.0,0.187562034612935,2
reshape-2n898,265.65370968770407,115.00325774467494,16.968851725260418,19.585521856943767,6.0,0.1336022675727502,2
reshape-2n8,219.1906512710449,105.71823617977373,15.26267604827881,18.293855285644533,5.0,0.1656938458316293,2
reshape-2n901,288.36444761406,120.0730170433837,17.664092445373534,20.50214042663574,5.0,0.1384269116396795,2
reshape-2n902,279.47701271074845,118.24977670400035,17.456778287887573,20.12922954559326,4.0,0.132764706749084,2
reshape-2n904,296.34330193252526,122.66032938647342,17.54863452911377,21.39959716796875,2.0,0.179954912638223,2
reshape-2n907,269.8923117902799,114.1463234052083,16.76749849319458,19.50395441055298,6.0,0.1403026206766453,2
reshape-2n90,203.7553361631664,98.88545672307158,14.465248107910156,16.943445523579914,3.0,0.1462628963052935,2
reshape-2n913,310.1356841280665,124.89072537530758,17.462900161743164,22.12512922286988,4.0,0.2107209867189182,2
reshape-2n914,297.4551308285113,121.9389653850374,17.684997749328613,21.03634986877441,5.0,0.1593124349210612,2
reshape-2n915,203.77899442764152,96.0967982510412,13.908207893371582,16.594719886779785,5.0,0.1618895655809422,2
reshape-2n917,192.9385438398532,97.67765170461416,13.729278945922852,17.237399864196778,5.0,0.2035179868142715,2
reshape-2n918,287.2607257597587,120.97960370127052,17.310253779093426,21.088807423909504,3.0,0.1791734150188185,2
reshape-2n919,289.66257144383604,119.696674948434,17.285094261169434,20.71449041366577,4.0,0.1655554196126348,2
reshape-2n91,276.58142427370706,119.65955735343448,16.303205490112305,21.600317001342773,1.0,0.2452330450011995,2
reshape-2n920,279.0260788112735,119.14554546552532,17.26468022664388,20.575829823811848,3.0,0.1609242312713952,2
reshape-2n921,281.79438073596805,118.90045141840008,17.552766036987304,20.23874015808105,5.0,0.1327144921133479,2
reshape-2n922,269.30434384272905,116.2746885036127,17.056028842926025,19.89484071731568,4.0,0.142690857128545,2
reshape-2n92,233.5589107252534,108.0868293559973,15.983858489990237,18.37524490356445,5.0,0.1301417437495121,2
reshape-2n93,225.1314032647244,107.09506486798304,15.277350425720217,18.715832233428955,4.0,0.1837204867420832,2
reshape-2n94,290.7133650947408,120.20194893164012,17.457449436187744,20.733306884765625,2.0,0.1579997569507307,2
reshape-2n95,214.3563060793305,102.37301601791091,15.288544654846191,17.259221076965332,4.0,0.1141810753411846,2
reshape-2n964,213.4800389219399,105.8082368944022,13.847855567932127,19.572375297546387,4.0,0.2924795607374181,2
reshape-2n972,189.8542965343549,97.23517301343136,13.684201002120972,17.151753664016724,4.0,0.2021689869048466,2
reshape-2n973,172.5747872397239,93.54688373225356,13.533459186553957,16.183473587036133,2.0,0.1637481833692975,2
reshape-2n979,226.6713384070192,106.47501781478417,14.61299482981364,19.1245174407959,3.0,0.2359025593690746,2
reshape-2n97,252.5125117796828,113.0338090302691,16.67378044128418,19.25687789916992,3.0,0.1341389539576966,2
reshape-2n980,206.24303538429265,99.8067504194956,14.233559846878052,17.445730686187744,4.0,0.1841236057743832,2
reshape-2n981,212.7076236523832,103.80713619317842,15.127922821044924,17.852977752685547,5.0,0.1526386785101272,2
reshape-2n985,260.3981144879233,114.29835845027736,17.005027770996094,19.33299207687378,4.0,0.1204140723081559,2
reshape-2n987,282.0227870559109,120.29775129156842,17.12015495300293,21.02371292114258,5.0,0.1856740520944813,2
reshape-2n98,170.20604259878607,91.41713542704548,13.615285078684488,15.450339317321776,6.0,0.1187711286431075,2
reshape-2n992,304.3479119006598,124.45272027548368,17.843382596969604,21.653998851776123,4.0,0.1759774848465904,2
reshape-2n994,286.8580319152797,120.2164571172874,17.45659852027893,20.73785161972046,4.0,0.1582253147342057,2
reshape-2n995,238.96270157134967,109.0513525378998,15.505797386169434,19.10080051422119,5.0,0.1882121707608619,2
reshape-2n996,264.3905069843688,116.59852057870408,16.229129791259766,20.742340087890625,2.0,0.2175844324944643,2
reshape-2n99,275.8551876808427,119.13857649366678,16.50979995727539,21.261741002400715,3.0,0.2234972688543601,2
reshape-2n9,223.91876229963856,106.41410692466464,15.13955783843994,18.630860900878908,5.0,0.1873935445610174,2
